agr_name;agr_participant;agr_inst_tag;cri_inst_name_all;cri_inst_id;edvarda_participant_id;publisher_standard_name;agr_name_edvarda;agr_date_start;agr_date_end;agr_date_updated
acm;Arkitektur- og designhøgskolen i Oslo;aho;Arkitektur- og designhøgskolen i Oslo;189;15345;ACM;ACM DL lisens 2022-24;2022-01-01;2024-12-31;2024-03-17
acm;Forsvarets Høgskole;fhs;Forsvarets høgskole;1627;15420;ACM;ACM DL lisens 2022-24;2022-01-01;2024-12-31;2024-03-17
acm;Forsvarets forskningsinstitutt;ffi;Forsvarets forskningsinstitutt;7428;15418;ACM;ACM DL lisens 2022-24;2022-01-01;2024-12-31;2024-03-17
acm;Høgskolen i Østfold;hioef;Høgskolen i Østfold;224;15443;ACM;ACM DL lisens 2022-24;2022-01-01;2024-12-31;2024-03-17
acm;Høgskulen På Vestlandet;hvl;Høgskulen på Vestlandet;203;15449;ACM;ACM DL lisens 2022-24;2022-01-01;2024-12-31;2024-03-17
acm;Høyskolen Kristiania - Ernst G Mortensens Stiftelse;hk;Høyskolen Kristiania;1615;15444;ACM;ACM DL lisens 2022-24;2022-01-01;2024-12-31;2024-03-17
acm;Nord Universitet;nord;Nord universitet;204;15499;ACM;ACM DL lisens 2022-24;2022-01-01;2024-12-31;2024-03-17
acm;Norges teknisk-naturvitenskapelige universitet;ntnu;Norges teknisk-naturvitenskapelige universitet;194;15507;ACM;ACM DL lisens 2022-24;2022-01-01;2024-12-31;2024-03-17
acm;Norges teknisk-naturvitenskapelige universitet;ntnu_1920;St. Olavs Hospital HF;1920;15507;ACM;ACM DL lisens 2022-24;2022-01-01;2024-12-31;2024-03-17
acm;OsloMet - Storbyuniversitetet;oslomet;OsloMet - storbyuniversitetet;215;15439;ACM;ACM DL lisens 2022-24;2022-01-01;2024-12-31;2024-03-17
acm;SINTEF AS;sintef;SINTEF AS;7401;15526;ACM;ACM DL lisens 2022-24;2022-01-01;2024-12-31;2024-03-17
acm;SINTEF AS;sintef_6228;SINTEF Narvik;6228;15526;ACM;ACM DL lisens 2022-24;2022-01-01;2024-12-31;2024-03-17
acm;SINTEF AS;sintef_7548;SINTEF Energi AS;7548;15526;ACM;ACM DL lisens 2022-24;2022-01-01;2024-12-31;2024-03-17
acm;SINTEF AS;sintef_7566;SINTEF Ocean;7566;15526;ACM;ACM DL lisens 2022-24;2022-01-01;2024-12-31;2024-03-17
acm;SINTEF AS;sintef_7630;SINTEF Manufacturing;7630;15526;ACM;ACM DL lisens 2022-24;2022-01-01;2024-12-31;2024-03-17
acm;UiO : Universitetsbiblioteket;uio;Universitetet i Oslo;185;15550;ACM;ACM DL lisens 2022-24;2022-01-01;2024-12-31;2024-03-17
acm;UiO : Universitetsbiblioteket;uio_2012;Oslo universitetssykehus HF;2012;15550;ACM;ACM DL lisens 2022-24;2022-01-01;2024-12-31;2024-03-17
acm;UiT - Norges arktiske universitet;uit;UiT Norges arktiske universitet;186;15552;ACM;ACM DL lisens 2022-24;2022-01-01;2024-12-31;2024-03-17
acm;UiT - Norges arktiske universitet;uit_1902;Universitetssykehuset Nord-Norge HF;1902;15552;ACM;ACM DL lisens 2022-24;2022-01-01;2024-12-31;2024-03-17
acm;Universitetet i Agder;uia;Universitetet i Agder;201;15548;ACM;ACM DL lisens 2022-24;2022-01-01;2024-12-31;2024-03-17
acm;Universitetet i Bergen;uib;Universitetet i Bergen;184;15549;ACM;ACM DL lisens 2022-24;2022-01-01;2024-12-31;2024-03-17
acm;Universitetet i Bergen;uib_1936;Helse Bergen HF - Haukeland universitetssykehus;1936;15549;ACM;ACM DL lisens 2022-24;2022-01-01;2024-12-31;2024-03-17
acs;Høgskolen i Østfold;hioef;Høgskolen i Østfold;224;15443;American Chemical Society;ACS Online Publications;2023-01-01;2024-12-31;2024-03-17
acs;NIBIO;nibio;Norsk institutt for bioøkonomi;7677;15481;American Chemical Society;ACS Online Publications;2023-01-01;2024-12-31;2024-03-17
acs;NILU;nilu;NILU;7460;15488;American Chemical Society;ACS Online Publications;2023-01-01;2024-12-31;2024-03-17
acs;Nofima;nofima;NOFIMA;7543;15496;American Chemical Society;ACS Online Publications;2023-01-01;2024-12-31;2024-03-17
acs;Norges Geotekniske Institutt;ngi;Norges Geotekniske Institutt;7452;15477;American Chemical Society;ACS Online Publications;2023-01-01;2024-12-31;2024-03-17
acs;Norges miljø- og biovitenskapelige universitet;nmbu;Norges miljø- og biovitenskapelige universitet;192;15493;American Chemical Society;ACS Online Publications;2023-01-01;2024-12-31;2024-03-17
acs;Norges teknisk-naturvitenskapelige universitet;ntnu;Norges teknisk-naturvitenskapelige universitet;194;15507;American Chemical Society;ACS Online Publications;2023-01-01;2024-12-31;2024-03-17
acs;Norges teknisk-naturvitenskapelige universitet;ntnu_1920;St. Olavs Hospital HF;1920;15507;American Chemical Society;ACS Online Publications;2023-01-01;2024-12-31;2024-03-17
acs;Norsk Institutt For Vannforskning;niva;Norsk institutt for vannforskning;7464;15491;American Chemical Society;ACS Online Publications;2023-01-01;2024-12-31;2024-03-17
acs;SINTEF AS;sintef;SINTEF AS;7401;15526;American Chemical Society;ACS Online Publications;2023-01-01;2024-12-31;2024-03-17
acs;SINTEF AS;sintef_6228;SINTEF Narvik;6228;15526;American Chemical Society;ACS Online Publications;2023-01-01;2024-12-31;2024-03-17
acs;SINTEF AS;sintef_7548;SINTEF Energi AS;7548;15526;American Chemical Society;ACS Online Publications;2023-01-01;2024-12-31;2024-03-17
acs;SINTEF AS;sintef_7566;SINTEF Ocean;7566;15526;American Chemical Society;ACS Online Publications;2023-01-01;2024-12-31;2024-03-17
acs;SINTEF AS;sintef_7630;SINTEF Manufacturing;7630;15526;American Chemical Society;ACS Online Publications;2023-01-01;2024-12-31;2024-03-17
acs;UiO : Universitetsbiblioteket;uio;Universitetet i Oslo;185;15550;American Chemical Society;ACS Online Publications;2023-01-01;2024-12-31;2024-03-17
acs;UiO : Universitetsbiblioteket;uio_1972;Akershus universitetssykehus HF;1972;15550;American Chemical Society;ACS Online Publications;2023-01-01;2024-12-31;2024-03-17
acs;UiO : Universitetsbiblioteket;uio_2012;Oslo universitetssykehus HF;2012;15550;American Chemical Society;ACS Online Publications;2023-01-01;2024-12-31;2024-03-17
acs;UiT - Norges arktiske universitet;uit;UiT Norges arktiske universitet;186;15552;American Chemical Society;ACS Online Publications;2023-01-01;2024-12-31;2024-03-17
acs;UiT - Norges arktiske universitet;uit_1902;Universitetssykehuset Nord-Norge HF;1902;15552;American Chemical Society;ACS Online Publications;2023-01-01;2024-12-31;2024-03-17
acs;Universitetet I Stavanger;uis;Universitetet i Stavanger;217;15551;American Chemical Society;ACS Online Publications;2023-01-01;2024-12-31;2024-03-17
acs;Universitetet I Stavanger;uis_1938;Helse Stavanger HF - Stavanger universitetssjukehus;1938;15551;American Chemical Society;ACS Online Publications;2023-01-01;2024-12-31;2024-03-17
acs;Universitetet I Sørøst-Norge;usn;Universitetet i Sørøst-Norge;222;15447;American Chemical Society;ACS Online Publications;2023-01-01;2024-12-31;2024-03-17
acs;Universitetet i Bergen;uib;Universitetet i Bergen;184;15549;American Chemical Society;ACS Online Publications;2023-01-01;2024-12-31;2024-03-17
acs;Universitetet i Bergen;uib_1936;Helse Bergen HF - Haukeland universitetssykehus;1936;15549;American Chemical Society;ACS Online Publications;2023-01-01;2024-12-31;2024-03-17
acs;Universitetssenteret på Svalbard;unis;Universitetssenteret på Svalbard;195;15553;American Chemical Society;ACS Online Publications;2023-01-01;2024-12-31;2024-03-17
cup;Barne-, ungdoms- og familiedirektoratet;bufdir;NA;NA;15356;Cambridge University Press;CUP 2023-2024;2023-01-01;2024-12-31;2024-03-17
cup;Bergen Global, Chr. Michelsens Institutt;cmi;Chr. Michelsen Institute;7416;15355;Cambridge University Press;CUP 2023-2024;2023-01-01;2024-12-31;2024-03-17
cup;Handelshøyskolen BI;bi;Handelshøyskolen BI;158;15353;Cambridge University Press;CUP 2023-2024;2023-01-01;2024-12-31;2024-03-17
cup;Havforskningsinstituttet;imr;Havforskningsinstituttet;7431;15454;Cambridge University Press;CUP 2023-2024;2023-01-01;2024-12-31;2024-03-17
cup;Høgskulen På Vestlandet;hvl;Høgskulen på Vestlandet;203;15449;Cambridge University Press;CUP 2023-2024;2023-01-01;2024-12-31;2024-03-17
cup;Institutt For Fredsforskning;prio;PRIO - Institutt for fredsforskning;7435;15516;Cambridge University Press;CUP 2023-2024;2023-01-01;2024-12-31;2024-03-17
cup;Institutt For Samfunnsforskning;isf;Institutt for samfunnsforskning;7437;15455;Cambridge University Press;CUP 2023-2024;2023-01-01;2024-12-31;2024-03-17
cup;NIBIO;nibio;Norsk institutt for bioøkonomi;7677;15481;Cambridge University Press;CUP 2023-2024;2023-01-01;2024-12-31;2024-03-17
cup;NORCE Norwegian Research Centre AS;norce;NORCE Norwegian Research Centre AS;2057;50928;Cambridge University Press;CUP 2023-2024;2023-01-01;2024-12-31;2024-03-17
cup;Nord Universitet;nord;Nord universitet;204;15499;Cambridge University Press;CUP 2023-2024;2023-01-01;2024-12-31;2024-03-17
cup;Norges teknisk-naturvitenskapelige universitet;ntnu;Norges teknisk-naturvitenskapelige universitet;194;15507;Cambridge University Press;CUP 2023-2024;2023-01-01;2024-12-31;2024-03-17
cup;Norges teknisk-naturvitenskapelige universitet;ntnu_1920;St. Olavs Hospital HF;1920;15507;Cambridge University Press;CUP 2023-2024;2023-01-01;2024-12-31;2024-03-17
cup;Norsk Polarinstitutt;npolar;Norsk Polarinstitutt;7466;15502;Cambridge University Press;CUP 2023-2024;2023-01-01;2024-12-31;2024-03-17
cup;OsloMet - Storbyuniversitetet;oslomet;OsloMet - storbyuniversitetet;215;15439;Cambridge University Press;CUP 2023-2024;2023-01-01;2024-12-31;2024-03-17
cup;SINTEF AS;sintef;SINTEF AS;7401;15526;Cambridge University Press;CUP 2023-2024;2023-01-01;2024-12-31;2024-03-17
cup;SINTEF AS;sintef_6228;SINTEF Narvik;6228;15526;Cambridge University Press;CUP 2023-2024;2023-01-01;2024-12-31;2024-03-17
cup;SINTEF AS;sintef_7548;SINTEF Energi AS;7548;15526;Cambridge University Press;CUP 2023-2024;2023-01-01;2024-12-31;2024-03-17
cup;SINTEF AS;sintef_7566;SINTEF Ocean;7566;15526;Cambridge University Press;CUP 2023-2024;2023-01-01;2024-12-31;2024-03-17
cup;SINTEF AS;sintef_7630;SINTEF Manufacturing;7630;15526;Cambridge University Press;CUP 2023-2024;2023-01-01;2024-12-31;2024-03-17
cup;UiO : Universitetsbiblioteket;uio;Universitetet i Oslo;185;15550;Cambridge University Press;CUP 2023-2024;2023-01-01;2024-12-31;2024-03-17
cup;UiO : Universitetsbiblioteket;uio_2012;Oslo universitetssykehus HF;2012;15550;Cambridge University Press;CUP 2023-2024;2023-01-01;2024-12-31;2024-03-17
cup;UiT - Norges arktiske universitet;uit;UiT Norges arktiske universitet;186;15552;Cambridge University Press;CUP 2023-2024;2023-01-01;2024-12-31;2024-03-17
cup;UiT - Norges arktiske universitet;uit_1902;Universitetssykehuset Nord-Norge HF;1902;15552;Cambridge University Press;CUP 2023-2024;2023-01-01;2024-12-31;2024-03-17
cup;Universitetet I Stavanger;uis;Universitetet i Stavanger;217;15551;Cambridge University Press;CUP 2023-2024;2023-01-01;2024-12-31;2024-03-17
cup;Universitetet I Stavanger;uis_1938;Helse Stavanger HF - Stavanger universitetssjukehus;1938;15551;Cambridge University Press;CUP 2023-2024;2023-01-01;2024-12-31;2024-03-17
cup;Universitetet I Sørøst-Norge;usn;Universitetet i Sørøst-Norge;222;15447;Cambridge University Press;CUP 2023-2024;2023-01-01;2024-12-31;2024-03-17
cup;Universitetet i Agder;uia;Universitetet i Agder;201;15548;Cambridge University Press;CUP 2023-2024;2023-01-01;2024-12-31;2024-03-17
cup;Universitetet i Bergen;uib;Universitetet i Bergen;184;15549;Cambridge University Press;CUP 2023-2024;2023-01-01;2024-12-31;2024-03-17
cup;Universitetet i Bergen;uib_1936;Helse Bergen HF - Haukeland universitetssykehus;1936;15549;Cambridge University Press;CUP 2023-2024;2023-01-01;2024-12-31;2024-03-17
cup;Universitetssenteret på Svalbard;unis;Universitetssenteret på Svalbard;195;15553;Cambridge University Press;CUP 2023-2024;2023-01-01;2024-12-31;2024-03-17
cup;VID Vitenskapelige Høgskole;vid;VID vitenskapelige høgskole;251;15557;Cambridge University Press;CUP 2023-2024;2023-01-01;2024-12-31;2024-03-17
elsevier;Bergen Global, Chr. Michelsens Institutt;cmi;Chr. Michelsen Institute;7416;15355;Elsevier;Elsevier Science Direct Freedom Collection 2022-2024;2022-01-01;2024-12-31;2024-03-17
elsevier;Departementenes Sikkerhets- Og Serviceorganisasjon;dss;NA;NA;15361;Elsevier;Elsevier Science Direct Freedom Collection 2022-2024;2022-01-01;2024-12-31;2024-03-17
elsevier;Direktoratet for strålevern og atomsikkerhet;dsa;NA;NA;15505;Elsevier;Elsevier Science Direct Freedom Collection 2022-2024;2022-01-01;2024-12-31;2024-03-17
elsevier;Folkehelseinstituttet;fhi;Folkehelseinstituttet;7502;15419;Elsevier;Elsevier Science Direct Freedom Collection 2022-2024;2022-01-01;2024-12-31;2024-03-17
elsevier;Forsvarets forskningsinstitutt;ffi;Forsvarets forskningsinstitutt;7428;15418;Elsevier;Elsevier Science Direct Freedom Collection 2022-2024;2022-01-01;2024-12-31;2024-03-17
elsevier;GRID-Arendal;grida;NA;NA;51025;Elsevier;Elsevier Science Direct Freedom Collection 2022-2024;2022-01-01;2024-12-31;2024-03-17
elsevier;Handelshøyskolen BI;bi;Handelshøyskolen BI;158;15353;Elsevier;Elsevier Science Direct Freedom Collection 2022-2024;2022-01-01;2024-12-31;2024-03-17
elsevier;Havforskningsinstituttet;imr;Havforskningsinstituttet;7431;15454;Elsevier;Elsevier Science Direct Freedom Collection 2022-2024;2022-01-01;2024-12-31;2024-03-17
elsevier;Høgskolen I Innlandet;inn;Høgskolen i Innlandet;209;15428;Elsevier;Elsevier Science Direct Freedom Collection 2022-2024;2022-01-01;2024-12-31;2024-03-17
elsevier;Høgskolen i Molde - Vitenskapelig høgskole i logistikk;himolde;Høgskolen i Molde - Vitenskapelig høgskole i logistikk;211;15435;Elsevier;Elsevier Science Direct Freedom Collection 2022-2024;2022-01-01;2024-12-31;2024-03-17
elsevier;Høgskolen i Østfold;hioef;Høgskolen i Østfold;224;15443;Elsevier;Elsevier Science Direct Freedom Collection 2022-2024;2022-01-01;2024-12-31;2024-03-17
elsevier;Høgskulen På Vestlandet;hvl;Høgskulen på Vestlandet;203;15449;Elsevier;Elsevier Science Direct Freedom Collection 2022-2024;2022-01-01;2024-12-31;2024-03-17
elsevier;Høgskulen i Volda;hvo;Høgskulen i Volda;223;15450;Elsevier;Elsevier Science Direct Freedom Collection 2022-2024;2022-01-01;2024-12-31;2024-03-17
elsevier;Høyskolen Kristiania - Ernst G Mortensens Stiftelse;hk;Høyskolen Kristiania;1615;15444;Elsevier;Elsevier Science Direct Freedom Collection 2022-2024;2022-01-01;2024-12-31;2024-03-17
elsevier;Institutt for energiteknikk;ife;Institutt for energiteknikk;7492;15451;Elsevier;Elsevier Science Direct Freedom Collection 2022-2024;2022-01-01;2024-12-31;2024-03-17
elsevier;Lovisenberg Diakonale Høgskole;ldh;Lovisenberg diakonale høgskole;230;15464;Elsevier;Elsevier Science Direct Freedom Collection 2022-2024;2022-01-01;2024-12-31;2024-03-17
elsevier;Meteorologisk institutt;met;Meteorologisk institutt;7419;15468;Elsevier;Elsevier Science Direct Freedom Collection 2022-2024;2022-01-01;2024-12-31;2024-03-17
elsevier;Miljødirektoratet;mdir;NA;NA;15467;Elsevier;Elsevier Science Direct Freedom Collection 2022-2024;2022-01-01;2024-12-31;2024-03-17
elsevier;NIBIO;nibio;Norsk institutt for bioøkonomi;7677;15481;Elsevier;Elsevier Science Direct Freedom Collection 2022-2024;2022-01-01;2024-12-31;2024-03-17
elsevier;NILU;nilu;NILU;7460;15488;Elsevier;Elsevier Science Direct Freedom Collection 2022-2024;2022-01-01;2024-12-31;2024-03-17
elsevier;NKVTS-Nasjonalt kunnskapssenter om vold og traumatisk stress;nkvts;Nasjonalt kunnskapssenter om vold og traumatisk stress;6077;51035;Elsevier;Elsevier Science Direct Freedom Collection 2022-2024;2022-01-01;2024-12-31;2024-03-17
elsevier;NORCE Norwegian Research Centre AS;norce;NORCE Norwegian Research Centre AS;2057;50928;Elsevier;Elsevier Science Direct Freedom Collection 2022-2024;2022-01-01;2024-12-31;2024-03-17
elsevier;NUBU - Nasjonalt utviklingssenter for barn og unge;nubu;NA;NA;51031;Elsevier;Elsevier Science Direct Freedom Collection 2022-2024;2022-01-01;2024-12-31;2024-03-17
elsevier;Nofima;nofima;NOFIMA;7543;15496;Elsevier;Elsevier Science Direct Freedom Collection 2022-2024;2022-01-01;2024-12-31;2024-03-17
elsevier;Nord Universitet;nord;Nord universitet;204;15499;Elsevier;Elsevier Science Direct Freedom Collection 2022-2024;2022-01-01;2024-12-31;2024-03-17
elsevier;Norges Geotekniske Institutt;ngi;Norges Geotekniske Institutt;7452;15477;Elsevier;Elsevier Science Direct Freedom Collection 2022-2024;2022-01-01;2024-12-31;2024-03-17
elsevier;Norges Handelshøyskole;nhh;Norges Handelshøyskole;191;15480;Elsevier;Elsevier Science Direct Freedom Collection 2022-2024;2022-01-01;2024-12-31;2024-03-17
elsevier;Norges Idrettshøgskole - Biblioteket;nih;Norges idrettshøgskole;150;15485;Elsevier;Elsevier Science Direct Freedom Collection 2022-2024;2022-01-01;2024-12-31;2024-03-17
elsevier;Norges geologiske undersøkelse;ngu;Norges geologiske undersøkelse;7451;15478;Elsevier;Elsevier Science Direct Freedom Collection 2022-2024;2022-01-01;2024-12-31;2024-03-17
elsevier;Norges miljø- og biovitenskapelige universitet;nmbu;Norges miljø- og biovitenskapelige universitet;192;15493;Elsevier;Elsevier Science Direct Freedom Collection 2022-2024;2022-01-01;2024-12-31;2024-03-17
elsevier;Norges teknisk-naturvitenskapelige universitet;ntnu;Norges teknisk-naturvitenskapelige universitet;194;15507;Elsevier;Elsevier Science Direct Freedom Collection 2022-2024;2022-01-01;2024-12-31;2024-03-17
elsevier;Norges teknisk-naturvitenskapelige universitet;ntnu_1920;St. Olavs Hospital HF;1920;15507;Elsevier;Elsevier Science Direct Freedom Collection 2022-2024;2022-01-01;2024-12-31;2024-03-17
elsevier;Norges vassdrags- og energidirektorat;nve;NA;NA;15509;Elsevier;Elsevier Science Direct Freedom Collection 2022-2024;2022-01-01;2024-12-31;2024-03-17
elsevier;Norsk Institutt For Vannforskning;niva;Norsk institutt for vannforskning;7464;15491;Elsevier;Elsevier Science Direct Freedom Collection 2022-2024;2022-01-01;2024-12-31;2024-03-17
elsevier;Norsk Polarinstitutt;npolar;Norsk Polarinstitutt;7466;15502;Elsevier;Elsevier Science Direct Freedom Collection 2022-2024;2022-01-01;2024-12-31;2024-03-17
elsevier;Norsk institutt for naturforskning;nina;Norsk institutt for naturforskning;7511;15489;Elsevier;Elsevier Science Direct Freedom Collection 2022-2024;2022-01-01;2024-12-31;2024-03-17
elsevier;OsloMet - Storbyuniversitetet;oslomet;OsloMet - storbyuniversitetet;215;15439;Elsevier;Elsevier Science Direct Freedom Collection 2022-2024;2022-01-01;2024-12-31;2024-03-17
elsevier;Regionsenter for barn og unges psykiske helse, helseregion Øst og Sør;rbupos;RBUP Øst og Sør;7539;15519;Elsevier;Elsevier Science Direct Freedom Collection 2022-2024;2022-01-01;2024-12-31;2024-03-17
elsevier;Ruralis - Institutt for rural- og regionalforskning;rura;RURALIS – Institutt for rural- og regionalforskning;7501;51034;Elsevier;Elsevier Science Direct Freedom Collection 2022-2024;2022-01-01;2024-12-31;2024-03-17
elsevier;SINTEF AS;sintef;SINTEF AS;7401;15526;Elsevier;Elsevier Science Direct Freedom Collection 2022-2024;2022-01-01;2024-12-31;2024-03-17
elsevier;SINTEF AS;sintef_6228;SINTEF Narvik;6228;15526;Elsevier;Elsevier Science Direct Freedom Collection 2022-2024;2022-01-01;2024-12-31;2024-03-17
elsevier;SINTEF AS;sintef_7548;SINTEF Energi AS;7548;15526;Elsevier;Elsevier Science Direct Freedom Collection 2022-2024;2022-01-01;2024-12-31;2024-03-17
elsevier;SINTEF AS;sintef_7566;SINTEF Ocean;7566;15526;Elsevier;Elsevier Science Direct Freedom Collection 2022-2024;2022-01-01;2024-12-31;2024-03-17
elsevier;SINTEF AS;sintef_7630;SINTEF Manufacturing;7630;15526;Elsevier;Elsevier Science Direct Freedom Collection 2022-2024;2022-01-01;2024-12-31;2024-03-17
elsevier;Statens Arbeidsmiljøinstitutt;stami;Statens arbeidsmiljøinstitutt;7476;15537;Elsevier;Elsevier Science Direct Freedom Collection 2022-2024;2022-01-01;2024-12-31;2024-03-17
elsevier;Statistisk Sentralbyrå;ssb;Statistisk sentralbyrå;5932;15535;Elsevier;Elsevier Science Direct Freedom Collection 2022-2024;2022-01-01;2024-12-31;2024-03-17
elsevier;Tannhelsetjenestens Kompetansesentre;tk;Tannhelsetjenestens kompetansesentre;2060;15541;Elsevier;Elsevier Science Direct Freedom Collection 2022-2024;2022-01-01;2024-12-31;2024-03-17
elsevier;Transportøkonomisk institutt;toei;Transportøkonomisk institutt;7482;15544;Elsevier;Elsevier Science Direct Freedom Collection 2022-2024;2022-01-01;2024-12-31;2024-03-17
elsevier;UiO : Universitetsbiblioteket;uio;Universitetet i Oslo;185;15550;Elsevier;Elsevier Science Direct Freedom Collection 2022-2024;2022-01-01;2024-12-31;2024-03-17
elsevier;UiO : Universitetsbiblioteket;uio_1972;Akershus universitetssykehus HF;1972;15550;Elsevier;Elsevier Science Direct Freedom Collection 2022-2024;2022-01-01;2024-12-31;2024-03-17
elsevier;UiO : Universitetsbiblioteket;uio_2012;Oslo universitetssykehus HF;2012;15550;Elsevier;Elsevier Science Direct Freedom Collection 2022-2024;2022-01-01;2024-12-31;2024-03-17
elsevier;UiO : Universitetsbiblioteket;uio_2012;Oslo universitetssykehus HF;2012;15550;Elsevier;Elsevier Science Direct Freedom Collection 2022-2024;2022-01-01;2024-12-31;2024-03-17
elsevier;UiO : Universitetsbiblioteket;uio_5737;Kreftregisteret - Institutt for populasjonsbasert kreftforskning;5737;15550;Elsevier;Elsevier Science Direct Freedom Collection 2022-2024;2022-01-01;2024-12-31;2024-03-17
elsevier;UiT - Norges arktiske universitet;uit;UiT Norges arktiske universitet;186;15552;Elsevier;Elsevier Science Direct Freedom Collection 2022-2024;2022-01-01;2024-12-31;2024-03-17
elsevier;UiT - Norges arktiske universitet;uit_1902;Universitetssykehuset Nord-Norge HF;1902;15552;Elsevier;Elsevier Science Direct Freedom Collection 2022-2024;2022-01-01;2024-12-31;2024-03-17
elsevier;Universitetet I Stavanger;uis;Universitetet i Stavanger;217;15551;Elsevier;Elsevier Science Direct Freedom Collection 2022-2024;2022-01-01;2024-12-31;2024-03-17
elsevier;Universitetet I Sørøst-Norge;usn;Universitetet i Sørøst-Norge;222;15447;Elsevier;Elsevier Science Direct Freedom Collection 2022-2024;2022-01-01;2024-12-31;2024-03-17
elsevier;Universitetet i Agder;uia;Universitetet i Agder;201;15548;Elsevier;Elsevier Science Direct Freedom Collection 2022-2024;2022-01-01;2024-12-31;2024-03-17
elsevier;Universitetet i Bergen;uib;Universitetet i Bergen;184;15549;Elsevier;Elsevier Science Direct Freedom Collection 2022-2024;2022-01-01;2024-12-31;2024-03-17
elsevier;Universitetet i Bergen;uib_1936;Helse Bergen HF - Haukeland universitetssykehus;1936;15549;Elsevier;Elsevier Science Direct Freedom Collection 2022-2024;2022-01-01;2024-12-31;2024-03-17
elsevier;Universitetssenteret på Svalbard;unis;Universitetssenteret på Svalbard;195;15553;Elsevier;Elsevier Science Direct Freedom Collection 2022-2024;2022-01-01;2024-12-31;2024-03-17
elsevier;VID Vitenskapelige Høgskole;vid;VID vitenskapelige høgskole;251;15557;Elsevier;Elsevier Science Direct Freedom Collection 2022-2024;2022-01-01;2024-12-31;2024-03-17
elsevier;Veterinærinstituttet;vetinst;Veterinærinstituttet;7497;15556;Elsevier;Elsevier Science Direct Freedom Collection 2022-2024;2022-01-01;2024-12-31;2024-03-17
emerald;Departementenes Sikkerhets- Og Serviceorganisasjon;dss;NA;NA;15361;Emerald Publishing;Emerald 2015;2015-01-01;2015-12-31;2024-03-17
emerald;Handelshøyskolen BI;bi;Handelshøyskolen BI;158;15353;Emerald Publishing;Emerald 2015;2015-01-01;2015-12-31;2024-03-17
emerald;Høgskolen i Gjøvik;ntnu;Norges teknisk-naturvitenskapelige universitet;194;15507;Emerald Publishing;Emerald 2015;2015-01-01;2015-12-31;2024-03-17
emerald;Høgskolen i Sør Trøndelag;ntnu;Norges teknisk-naturvitenskapelige universitet;194;15507;Emerald Publishing;Emerald 2015;2015-01-01;2015-12-31;2024-03-17
emerald;Nasjonalbiblioteket;nb;Nasjonalbiblioteket;5931;15471;Emerald Publishing;Emerald 2015;2015-01-01;2015-12-31;2024-03-17
emerald;Nofima;nofima;NOFIMA;7543;15496;Emerald Publishing;Emerald 2015;2015-01-01;2015-12-31;2024-03-17
emerald;Nord Universitet;nord;Nord universitet;204;15499;Emerald Publishing;Emerald 2015;2015-01-01;2015-12-31;2024-03-17
emerald;Norges Handelshøyskole;nhh;Norges Handelshøyskole;191;15480;Emerald Publishing;Emerald 2015;2015-01-01;2015-12-31;2024-03-17
emerald;OsloMet - Storbyuniversitetet;oslomet;OsloMet - storbyuniversitetet;215;15439;Emerald Publishing;Emerald 2015;2015-01-01;2015-12-31;2024-03-17
emerald;UiO : Universitetsbiblioteket;uio;Universitetet i Oslo;185;15550;Emerald Publishing;Emerald 2015;2015-01-01;2015-12-31;2024-03-17
emerald;UiT - Norges arktiske universitet;uit;UiT Norges arktiske universitet;186;15552;Emerald Publishing;Emerald 2015;2015-01-01;2015-12-31;2024-03-17
emerald;Universitetet I Stavanger;uis;Universitetet i Stavanger;217;15551;Emerald Publishing;Emerald 2015;2015-01-01;2015-12-31;2024-03-17
emerald;Universitetet i Agder;uia;Universitetet i Agder;201;15548;Emerald Publishing;Emerald 2015;2015-01-01;2015-12-31;2024-03-17
emerald;Universitetet i Bergen;uib;Universitetet i Bergen;184;15549;Emerald Publishing;Emerald 2015;2015-01-01;2015-12-31;2024-03-17
iop;Høgskolen i Østfold;hioef;Høgskolen i Østfold;224;15443;IOP Publishing;ACS Online Publications;2023-01-01;2024-12-31;2024-03-17
iop;NIBIO;nibio;Norsk institutt for bioøkonomi;7677;15481;IOP Publishing;ACS Online Publications;2023-01-01;2024-12-31;2024-03-17
iop;NILU;nilu;NILU;7460;15488;IOP Publishing;ACS Online Publications;2023-01-01;2024-12-31;2024-03-17
iop;Nofima;nofima;NOFIMA;7543;15496;IOP Publishing;ACS Online Publications;2023-01-01;2024-12-31;2024-03-17
iop;Norges Geotekniske Institutt;ngi;Norges Geotekniske Institutt;7452;15477;IOP Publishing;ACS Online Publications;2023-01-01;2024-12-31;2024-03-17
iop;Norges miljø- og biovitenskapelige universitet;nmbu;Norges miljø- og biovitenskapelige universitet;192;15493;IOP Publishing;ACS Online Publications;2023-01-01;2024-12-31;2024-03-17
iop;Norges teknisk-naturvitenskapelige universitet;ntnu;Norges teknisk-naturvitenskapelige universitet;194;15507;IOP Publishing;ACS Online Publications;2023-01-01;2024-12-31;2024-03-17
iop;Norges teknisk-naturvitenskapelige universitet;ntnu_1920;St. Olavs Hospital HF;1920;15507;IOP Publishing;ACS Online Publications;2023-01-01;2024-12-31;2024-03-17
iop;Norsk Institutt For Vannforskning;niva;Norsk institutt for vannforskning;7464;15491;IOP Publishing;ACS Online Publications;2023-01-01;2024-12-31;2024-03-17
iop;SINTEF AS;sintef;SINTEF AS;7401;15526;IOP Publishing;ACS Online Publications;2023-01-01;2024-12-31;2024-03-17
iop;SINTEF AS;sintef_6228;SINTEF Narvik;6228;15526;IOP Publishing;ACS Online Publications;2023-01-01;2024-12-31;2024-03-17
iop;SINTEF AS;sintef_7548;SINTEF Energi AS;7548;15526;IOP Publishing;ACS Online Publications;2023-01-01;2024-12-31;2024-03-17
iop;SINTEF AS;sintef_7566;SINTEF Ocean;7566;15526;IOP Publishing;ACS Online Publications;2023-01-01;2024-12-31;2024-03-17
iop;SINTEF AS;sintef_7630;SINTEF Manufacturing;7630;15526;IOP Publishing;ACS Online Publications;2023-01-01;2024-12-31;2024-03-17
iop;UiO : Universitetsbiblioteket;uio;Universitetet i Oslo;185;15550;IOP Publishing;ACS Online Publications;2023-01-01;2024-12-31;2024-03-17
iop;UiO : Universitetsbiblioteket;uio_1972;Akershus universitetssykehus HF;1972;15550;IOP Publishing;ACS Online Publications;2023-01-01;2024-12-31;2024-03-17
iop;UiO : Universitetsbiblioteket;uio_2012;Oslo universitetssykehus HF;2012;15550;IOP Publishing;ACS Online Publications;2023-01-01;2024-12-31;2024-03-17
iop;UiT - Norges arktiske universitet;uit;UiT Norges arktiske universitet;186;15552;IOP Publishing;ACS Online Publications;2023-01-01;2024-12-31;2024-03-17
iop;UiT - Norges arktiske universitet;uit_1902;Universitetssykehuset Nord-Norge HF;1902;15552;IOP Publishing;ACS Online Publications;2023-01-01;2024-12-31;2024-03-17
iop;Universitetet I Stavanger;uis;Universitetet i Stavanger;217;15551;IOP Publishing;ACS Online Publications;2023-01-01;2024-12-31;2024-03-17
iop;Universitetet I Stavanger;uis_1938;Helse Stavanger HF - Stavanger universitetssjukehus;1938;15551;IOP Publishing;ACS Online Publications;2023-01-01;2024-12-31;2024-03-17
iop;Universitetet I Sørøst-Norge;usn;Universitetet i Sørøst-Norge;222;15447;IOP Publishing;ACS Online Publications;2023-01-01;2024-12-31;2024-03-17
iop;Universitetet i Bergen;uib;Universitetet i Bergen;184;15549;IOP Publishing;ACS Online Publications;2023-01-01;2024-12-31;2024-03-17
iop;Universitetet i Bergen;uib_1936;Helse Bergen HF - Haukeland universitetssykehus;1936;15549;IOP Publishing;ACS Online Publications;2023-01-01;2024-12-31;2024-03-17
iop;Universitetssenteret på Svalbard;unis;Universitetssenteret på Svalbard;195;15553;IOP Publishing;ACS Online Publications;2023-01-01;2024-12-31;2024-03-17
oupj;Barne-, ungdoms- og familiedirektoratet;bufdir;NA;NA;15356;Oxford University Press;Oxford University Press Journals 2023-2024;2022-01-01;2024-12-31;2024-03-17
oupj;Diakonhjemmet Sykehus. Medisinsk Bibliotek;diakonsyk;Diakonhjemmet sykehus;1990;15359;Oxford University Press;Oxford University Press Journals 2023-2024;2022-01-01;2024-12-31;2024-03-17
oupj;Handelshøyskolen BI;bi;Handelshøyskolen BI;158;15353;Oxford University Press;Oxford University Press Journals 2023-2024;2022-01-01;2024-12-31;2024-03-17
oupj;Havforskningsinstituttet;imr;Havforskningsinstituttet;7431;15454;Oxford University Press;Oxford University Press Journals 2023-2024;2022-01-01;2024-12-31;2024-03-17
oupj;Høgskolen i Molde - Vitenskapelig høgskole i logistikk;himolde;Høgskolen i Molde - Vitenskapelig høgskole i logistikk;211;15435;Oxford University Press;Oxford University Press Journals 2023-2024;2022-01-01;2024-12-31;2024-03-17
oupj;Høgskulen På Vestlandet;hvl;Høgskulen på Vestlandet;203;15449;Oxford University Press;Oxford University Press Journals 2023-2024;2022-01-01;2024-12-31;2024-03-17
oupj;Institutt For Samfunnsforskning;isf;Institutt for samfunnsforskning;7437;15455;Oxford University Press;Oxford University Press Journals 2023-2024;2022-01-01;2024-12-31;2024-03-17
oupj;NIBIO;nibio;Norsk institutt for bioøkonomi;7677;15481;Oxford University Press;Oxford University Press Journals 2023-2024;2022-01-01;2024-12-31;2024-03-17
oupj;NORCE Norwegian Research Centre AS;norce;NORCE Norwegian Research Centre AS;2057;50928;Oxford University Press;Oxford University Press Journals 2023-2024;2022-01-01;2024-12-31;2024-03-17
oupj;NTNU Samfunnsforskning AS;ntnusam;NTNU Samfunnsforskning AS;7403;51037;Oxford University Press;Oxford University Press Journals 2023-2024;2022-01-01;2024-12-31;2024-03-17
oupj;Norges Bank;nbank;NA;NA;15472;Oxford University Press;Oxford University Press Journals 2023-2024;2022-01-01;2024-12-31;2024-03-17
oupj;Norges miljø- og biovitenskapelige universitet;nmbu;Norges miljø- og biovitenskapelige universitet;192;15493;Oxford University Press;Oxford University Press Journals 2023-2024;2022-01-01;2024-12-31;2024-03-17
oupj;Norges teknisk-naturvitenskapelige universitet;ntnu;Norges teknisk-naturvitenskapelige universitet;194;15507;Oxford University Press;Oxford University Press Journals 2023-2024;2022-01-01;2024-12-31;2024-03-17
oupj;Norges teknisk-naturvitenskapelige universitet;ntnu_1920;St. Olavs Hospital HF;1920;15507;Oxford University Press;Oxford University Press Journals 2023-2024;2022-01-01;2024-12-31;2024-03-17
oupj;Sykehuset Østfold;ostfsyk;Sykehuset Østfold HF;1983;15510;Oxford University Press;Oxford University Press Journals 2023-2024;2022-01-01;2024-12-31;2024-03-17
oupj;UiO : Universitetsbiblioteket;uio;Universitetet i Oslo;185;15550;Oxford University Press;Oxford University Press Journals 2023-2024;2022-01-01;2024-12-31;2024-03-17
oupj;UiO : Universitetsbiblioteket;uio_1972;Akershus universitetssykehus HF;1972;15550;Oxford University Press;Oxford University Press Journals 2023-2024;2022-01-01;2024-12-31;2024-03-17
oupj;UiO : Universitetsbiblioteket;uio_2012;Oslo universitetssykehus HF;2012;15550;Oxford University Press;Oxford University Press Journals 2023-2024;2022-01-01;2024-12-31;2024-03-17
oupj;UiO : Universitetsbiblioteket;uio_5737;Kreftregisteret - Institutt for populasjonsbasert kreftforskning;5737;15550;Oxford University Press;Oxford University Press Journals 2023-2024;2022-01-01;2024-12-31;2024-03-17
oupj;UiO : Universitetsbiblioteket;uio_7502;Folkehelseinstituttet;7502;15550;Oxford University Press;Oxford University Press Journals 2023-2024;2022-01-01;2024-12-31;2024-03-17
oupj;UiT - Norges arktiske universitet;uit;UiT Norges arktiske universitet;186;15552;Oxford University Press;Oxford University Press Journals 2023-2024;2022-01-01;2024-12-31;2024-03-17
oupj;UiT - Norges arktiske universitet;uit_1902;Universitetssykehuset Nord-Norge HF;1902;15552;Oxford University Press;Oxford University Press Journals 2023-2024;2022-01-01;2024-12-31;2024-03-17
oupj;Universitetet i Agder;uia;Universitetet i Agder;201;15548;Oxford University Press;Oxford University Press Journals 2023-2024;2022-01-01;2024-12-31;2024-03-17
oupj;Universitetet i Bergen;uib;Universitetet i Bergen;184;15549;Oxford University Press;Oxford University Press Journals 2023-2024;2022-01-01;2024-12-31;2024-03-17
oupj;Universitetet i Bergen;uib_1936;Helse Bergen HF - Haukeland universitetssykehus;1936;15549;Oxford University Press;Oxford University Press Journals 2023-2024;2022-01-01;2024-12-31;2024-03-17
springer;Diakonhjemmet Sykehus. Medisinsk Bibliotek;diakonsyk;Diakonhjemmet sykehus;1990;15359;SpringerNature;Springer Compact;2023-01-01;2024-12-31;2024-03-17
springer;GRID-Arendal;grida;NA;NA;51025;SpringerNature;Springer Compact;2023-01-01;2024-12-31;2024-03-17
springer;Handelshøyskolen BI;bi;Handelshøyskolen BI;158;15353;SpringerNature;Springer Compact;2023-01-01;2024-12-31;2024-03-17
springer;Havforskningsinstituttet;imr;Havforskningsinstituttet;7431;15454;SpringerNature;Springer Compact;2023-01-01;2024-12-31;2024-03-17
springer;Høgskolen I Innlandet;inn;Høgskolen i Innlandet;209;15428;SpringerNature;Springer Compact;2023-01-01;2024-12-31;2024-03-17
springer;Høgskolen i Molde - Vitenskapelig høgskole i logistikk;himolde;Høgskolen i Molde - Vitenskapelig høgskole i logistikk;211;15435;SpringerNature;Springer Compact;2023-01-01;2024-12-31;2024-03-17
springer;Høgskolen i Østfold;hioef;Høgskolen i Østfold;224;15443;SpringerNature;Springer Compact;2023-01-01;2024-12-31;2024-03-17
springer;Høgskulen På Vestlandet;hvl;Høgskulen på Vestlandet;203;15449;SpringerNature;Springer Compact;2023-01-01;2024-12-31;2024-03-17
springer;Høgskulen i Volda;hvo;Høgskulen i Volda;223;15450;SpringerNature;Springer Compact;2023-01-01;2024-12-31;2024-03-17
springer;Høyskolen Kristiania - Ernst G Mortensens Stiftelse;hk;Høyskolen Kristiania;1615;15444;SpringerNature;Springer Compact;2023-01-01;2024-12-31;2024-03-17
springer;Institutt For Samfunnsforskning;isf;Institutt for samfunnsforskning;7437;15455;SpringerNature;Springer Compact;2023-01-01;2024-12-31;2024-03-17
springer;Institutt for energiteknikk;ife;Institutt for energiteknikk;7492;15451;SpringerNature;Springer Compact;2023-01-01;2024-12-31;2024-03-17
springer;MF Vitenskapelig Høyskole For Teologi, Religion Og Samfunn;mf;MF vitenskapelig høyskole for teologi, religion og samfunn;190;15469;SpringerNature;Springer Compact;2023-01-01;2024-12-31;2024-03-17
springer;Meteorologisk institutt;met;Meteorologisk institutt;7419;15468;SpringerNature;Springer Compact;2023-01-01;2024-12-31;2024-03-17
springer;NIBIO;nibio;Norsk institutt for bioøkonomi;7677;15481;SpringerNature;Springer Compact;2023-01-01;2024-12-31;2024-03-17
springer;NILU;nilu;NILU;7460;15488;SpringerNature;Springer Compact;2023-01-01;2024-12-31;2024-03-17
springer;NKVTS-Nasjonalt kunnskapssenter om vold og traumatisk stress;nkvts;Nasjonalt kunnskapssenter om vold og traumatisk stress;6077;51035;SpringerNature;Springer Compact;2023-01-01;2024-12-31;2024-03-17
springer;NORCE Norwegian Research Centre AS;norce;NORCE Norwegian Research Centre AS;2057;50928;SpringerNature;Springer Compact;2023-01-01;2024-12-31;2024-03-17
springer;NTNU Samfunnsforskning AS;ntnusam;NTNU Samfunnsforskning AS;7403;51037;SpringerNature;Springer Compact;2023-01-01;2024-12-31;2024-03-17
springer;NUBU - Nasjonalt utviklingssenter for barn og unge;nubu;NA;NA;51031;SpringerNature;Springer Compact;2023-01-01;2024-12-31;2024-03-17
springer;Nofima;nofima;NOFIMA;7543;15496;SpringerNature;Springer Compact;2023-01-01;2024-12-31;2024-03-17
springer;Nord Universitet;nord;Nord universitet;204;15499;SpringerNature;Springer Compact;2023-01-01;2024-12-31;2024-03-17
springer;Nordlandsforskning;nf;Nordlandsforskning;7446;15474;SpringerNature;Springer Compact;2023-01-01;2024-12-31;2024-03-17
springer;Norges Geotekniske Institutt;ngi;Norges Geotekniske Institutt;7452;15477;SpringerNature;Springer Compact;2023-01-01;2024-12-31;2024-03-17
springer;Norges Handelshøyskole;nhh;Norges Handelshøyskole;191;15480;SpringerNature;Springer Compact;2023-01-01;2024-12-31;2024-03-17
springer;Norges Idrettshøgskole - Biblioteket;nih;Norges idrettshøgskole;150;15485;SpringerNature;Springer Compact;2023-01-01;2024-12-31;2024-03-17
springer;Norges miljø- og biovitenskapelige universitet;nmbu;Norges miljø- og biovitenskapelige universitet;192;15493;SpringerNature;Springer Compact;2023-01-01;2024-12-31;2024-03-17
springer;Norges teknisk-naturvitenskapelige universitet;ntnu;Norges teknisk-naturvitenskapelige universitet;194;15507;SpringerNature;Springer Compact;2023-01-01;2024-12-31;2024-03-17
springer;Norges teknisk-naturvitenskapelige universitet;ntnu_1920;St. Olavs Hospital HF;1920;15507;SpringerNature;Springer Compact;2023-01-01;2024-12-31;2024-03-17
springer;Norsk Institutt For Vannforskning;niva;Norsk institutt for vannforskning;7464;15491;SpringerNature;Springer Compact;2023-01-01;2024-12-31;2024-03-17
springer;Norsk Polarinstitutt;npolar;Norsk Polarinstitutt;7466;15502;SpringerNature;Springer Compact;2023-01-01;2024-12-31;2024-03-17
springer;Norsk institutt for naturforskning;nina;Norsk institutt for naturforskning;7511;15489;SpringerNature;Springer Compact;2023-01-01;2024-12-31;2024-03-17
springer;Oslo Nye Høyskole;onh;Oslo Nye Høyskole;1620;51024;SpringerNature;Springer Compact;2023-01-01;2024-12-31;2024-03-17
springer;OsloMet - Storbyuniversitetet;oslomet;OsloMet - storbyuniversitetet;215;15439;SpringerNature;Springer Compact;2023-01-01;2024-12-31;2024-03-17
springer;SINTEF AS;sintef;SINTEF AS;7401;15526;SpringerNature;Springer Compact;2023-01-01;2024-12-31;2024-03-17
springer;SINTEF AS;sintef_6228;SINTEF Narvik;6228;15526;SpringerNature;Springer Compact;2023-01-01;2024-12-31;2024-03-17
springer;SINTEF AS;sintef_7548;SINTEF Energi AS;7548;15526;SpringerNature;Springer Compact;2023-01-01;2024-12-31;2024-03-17
springer;SINTEF AS;sintef_7566;SINTEF Ocean;7566;15526;SpringerNature;Springer Compact;2023-01-01;2024-12-31;2024-03-17
springer;SINTEF AS;sintef_7630;SINTEF Manufacturing;7630;15526;SpringerNature;Springer Compact;2023-01-01;2024-12-31;2024-03-17
springer;Statens Arbeidsmiljøinstitutt;stami;Statens arbeidsmiljøinstitutt;7476;15537;SpringerNature;Springer Compact;2023-01-01;2024-12-31;2024-03-17
springer;Statistisk Sentralbyrå;ssb;Statistisk sentralbyrå;5932;15535;SpringerNature;Springer Compact;2023-01-01;2024-12-31;2024-03-17
springer;Sykehuset Telemark HF;sthf;Sykehuset Telemark HF;1959;51030;SpringerNature;Springer Compact;2023-01-01;2024-12-31;2024-03-17
springer;Sykehuset i Vestfold;siv;Sykehuset i Vestfold HF;1958;15529;SpringerNature;Springer Compact;2023-01-01;2024-12-31;2024-03-17
springer;Sykehuset Østfold;ostfsyk;Sykehuset Østfold HF;1983;15510;SpringerNature;Springer Compact;2023-01-01;2024-12-31;2024-03-17
springer;Sørlandet Sykehus HF;sshf;Sørlandet sykehus HF;1965;15536;SpringerNature;Springer Compact;2023-01-01;2024-12-31;2024-03-17
springer;Transportøkonomisk institutt;toei;Transportøkonomisk institutt;7482;15544;SpringerNature;Springer Compact;2023-01-01;2024-12-31;2024-03-17
springer;UiO : Universitetsbiblioteket;uio;Universitetet i Oslo;185;15550;SpringerNature;Springer Compact;2023-01-01;2024-12-31;2024-03-17
springer;UiO : Universitetsbiblioteket;uio_1972;Akershus universitetssykehus HF;1972;15550;SpringerNature;Springer Compact;2023-01-01;2024-12-31;2024-03-17
springer;UiO : Universitetsbiblioteket;uio_2012;Oslo universitetssykehus HF;2012;15550;SpringerNature;Springer Compact;2023-01-01;2024-12-31;2024-03-17
springer;UiO : Universitetsbiblioteket;uio_5737;Kreftregisteret - Institutt for populasjonsbasert kreftforskning;5737;15550;SpringerNature;Springer Compact;2023-01-01;2024-12-31;2024-03-17
springer;UiO : Universitetsbiblioteket;uio_7502;Folkehelseinstituttet;7502;15550;SpringerNature;Springer Compact;2023-01-01;2024-12-31;2024-03-17
springer;UiT - Norges arktiske universitet;uit;UiT Norges arktiske universitet;186;15552;SpringerNature;Springer Compact;2023-01-01;2024-12-31;2024-03-17
springer;UiT - Norges arktiske universitet;uit_1902;Universitetssykehuset Nord-Norge HF;1902;15552;SpringerNature;Springer Compact;2023-01-01;2024-12-31;2024-03-17
springer;Universitetet I Stavanger;uis;Universitetet i Stavanger;217;15551;SpringerNature;Springer Compact;2023-01-01;2024-12-31;2024-03-17
springer;Universitetet I Stavanger;uis_1938;Helse Stavanger HF - Stavanger universitetssjukehus;1938;15551;SpringerNature;Springer Compact;2023-01-01;2024-12-31;2024-03-17
springer;Universitetet I Sørøst-Norge;usn;Universitetet i Sørøst-Norge;222;15447;SpringerNature;Springer Compact;2023-01-01;2024-12-31;2024-03-17
springer;Universitetet i Agder;uia;Universitetet i Agder;201;15548;SpringerNature;Springer Compact;2023-01-01;2024-12-31;2024-03-17
springer;Universitetet i Bergen;uib;Universitetet i Bergen;184;15549;SpringerNature;Springer Compact;2023-01-01;2024-12-31;2024-03-17
springer;Universitetet i Bergen;uib_1936;Helse Bergen HF - Haukeland universitetssykehus;1936;15549;SpringerNature;Springer Compact;2023-01-01;2024-12-31;2024-03-17
springer;Universitetssenteret på Svalbard;unis;Universitetssenteret på Svalbard;195;15553;SpringerNature;Springer Compact;2023-01-01;2024-12-31;2024-03-17
springer;Utdanningsdirektoratet;udir;NA;NA;15546;SpringerNature;Springer Compact;2023-01-01;2024-12-31;2024-03-17
springer;VID Vitenskapelige Høgskole;vid;VID vitenskapelige høgskole;251;15557;SpringerNature;Springer Compact;2023-01-01;2024-12-31;2024-03-17
springer;Vestlandsforsking;vf;Vestlandsforsking;7484;24138;SpringerNature;Springer Compact;2023-01-01;2024-12-31;2024-03-17
springer;Vestre Viken HF;vvhf;Vestre Viken HF;2017;15559;SpringerNature;Springer Compact;2023-01-01;2024-12-31;2024-03-17
springer_open;Folkehelseinstituttet;fhi;Folkehelseinstituttet;7502;15419;SpringerOpen;Springer Compact;2023-01-01;2024-12-31;2024-03-17
springer_open;Havforskningsinstituttet;imr;Havforskningsinstituttet;7431;15454;SpringerOpen;Springer Compact;2023-01-01;2024-12-31;2024-03-17
springer_open;Høgskolen I Innlandet;inn;Høgskolen i Innlandet;209;15428;SpringerOpen;Springer Compact;2023-01-01;2024-12-31;2024-03-17
springer_open;Høgskolen i Molde - Vitenskapelig høgskole i logistikk;himolde;Høgskolen i Molde - Vitenskapelig høgskole i logistikk;211;15435;SpringerOpen;Springer Compact;2023-01-01;2024-12-31;2024-03-17
springer_open;Høgskulen På Vestlandet;hvl;Høgskulen på Vestlandet;203;15449;SpringerOpen;Springer Compact;2023-01-01;2024-12-31;2024-03-17
springer_open;Institutt For Samfunnsforskning;isf;Institutt for samfunnsforskning;7437;15455;SpringerOpen;Springer Compact;2023-01-01;2024-12-31;2024-03-17
springer_open;MF Vitenskapelig Høyskole For Teologi, Religion Og Samfunn;mf;MF vitenskapelig høyskole for teologi, religion og samfunn;190;15469;SpringerOpen;Springer Compact;2023-01-01;2024-12-31;2024-03-17
springer_open;NIBIO;nibio;Norsk institutt for bioøkonomi;7677;15481;SpringerOpen;Springer Compact;2023-01-01;2024-12-31;2024-03-17
springer_open;NUBU - Nasjonalt utviklingssenter for barn og unge;nubu;NA;NA;51031;SpringerOpen;Springer Compact;2023-01-01;2024-12-31;2024-03-17
springer_open;Nofima;nofima;NOFIMA;7543;15496;SpringerOpen;Springer Compact;2023-01-01;2024-12-31;2024-03-17
springer_open;Nord Universitet;nord;Nord universitet;204;15499;SpringerOpen;Springer Compact;2023-01-01;2024-12-31;2024-03-17
springer_open;Nordisk institutt for studier av innovasjon, forskning og utdanning;nifu;NIFU Nordisk institutt for studier av innovasjon, forskning og utdanning;7463;15484;SpringerOpen;Springer Compact;2023-01-01;2024-12-31;2024-03-17
springer_open;Norsk Institutt For Vannforskning;niva;Norsk institutt for vannforskning;7464;15491;SpringerOpen;Springer Compact;2023-01-01;2024-12-31;2024-03-17
springer_open;Norsk Polarinstitutt;npolar;Norsk Polarinstitutt;7466;15502;SpringerOpen;Springer Compact;2023-01-01;2024-12-31;2024-03-17
springer_open;Norsk institutt for naturforskning;nina;Norsk institutt for naturforskning;7511;15489;SpringerOpen;Springer Compact;2023-01-01;2024-12-31;2024-03-17
springer_open;OsloMet - Storbyuniversitetet;oslomet;OsloMet - storbyuniversitetet;215;15439;SpringerOpen;Springer Compact;2023-01-01;2024-12-31;2024-03-17
springer_open;SINTEF AS;sintef;SINTEF AS;7401;15526;SpringerOpen;Springer Compact;2023-01-01;2024-12-31;2024-03-17
springer_open;SINTEF AS;sintef_6228;SINTEF Narvik;6228;15526;SpringerOpen;Springer Compact;2023-01-01;2024-12-31;2024-03-17
springer_open;SINTEF AS;sintef_7548;SINTEF Energi AS;7548;15526;SpringerOpen;Springer Compact;2023-01-01;2024-12-31;2024-03-17
springer_open;SINTEF AS;sintef_7566;SINTEF Ocean;7566;15526;SpringerOpen;Springer Compact;2023-01-01;2024-12-31;2024-03-17
springer_open;SINTEF AS;sintef_7630;SINTEF Manufacturing;7630;15526;SpringerOpen;Springer Compact;2023-01-01;2024-12-31;2024-03-17
springer_open;Statens Arbeidsmiljøinstitutt;stami;Statens arbeidsmiljøinstitutt;7476;15537;SpringerOpen;Springer Compact;2023-01-01;2024-12-31;2024-03-17
springer_open;Sykehuset Telemark HF;sthf;Sykehuset Telemark HF;1959;51030;SpringerOpen;Springer Compact;2023-01-01;2024-12-31;2024-03-17
springer_open;Sørlandet Sykehus HF;sshf;Sørlandet sykehus HF;1965;15536;SpringerOpen;Springer Compact;2023-01-01;2024-12-31;2024-03-17
springer_open;Transportøkonomisk institutt;toei;Transportøkonomisk institutt;7482;15544;SpringerOpen;Springer Compact;2023-01-01;2024-12-31;2024-03-17
springer_open;UiT - Norges arktiske universitet;uit;UiT Norges arktiske universitet;186;15552;SpringerOpen;Springer Compact;2023-01-01;2024-12-31;2024-03-17
springer_open;Universitetet I Stavanger;uis;Universitetet i Stavanger;217;15551;SpringerOpen;Springer Compact;2023-01-01;2024-12-31;2024-03-17
springer_open;Universitetet I Sørøst-Norge;usn;Universitetet i Sørøst-Norge;222;15447;SpringerOpen;Springer Compact;2023-01-01;2024-12-31;2024-03-17
springer_open;Universitetet i Agder;uia;Universitetet i Agder;201;15548;SpringerOpen;Springer Compact;2023-01-01;2024-12-31;2024-03-17
springer_open;VID Vitenskapelige Høgskole;vid;VID vitenskapelige høgskole;251;15557;SpringerOpen;Springer Compact;2023-01-01;2024-12-31;2024-03-17
springer_open;Vestlandsforsking;vf;Vestlandsforsking;7484;24138;SpringerOpen;Springer Compact;2023-01-01;2024-12-31;2024-03-17
springer_open;Vestre Viken HF;vvhf;Vestre Viken HF;2017;15559;SpringerOpen;Springer Compact;2023-01-01;2024-12-31;2024-03-17
tnf;Ansgar høyskole;ahs;Ansgar høyskole;255;51023;Taylor & Francis;Taylor & Francis 2023-2024;2023-01-01;2024-12-31;2024-03-17
tnf;Arkitektur- og designhøgskolen i Oslo;aho;Arkitektur- og designhøgskolen i Oslo;189;15345;Taylor & Francis;Taylor & Francis 2023-2024;2023-01-01;2024-12-31;2024-03-17
tnf;Barne-, ungdoms- og familiedirektoratet;bufdir;NA;NA;15356;Taylor & Francis;Taylor & Francis 2023-2024;2023-01-01;2024-12-31;2024-03-17
tnf;Bergen Global, Chr. Michelsens Institutt;cmi;Chr. Michelsen Institute;7416;15355;Taylor & Francis;Taylor & Francis 2023-2024;2023-01-01;2024-12-31;2024-03-17
tnf;Diakonhjemmet Sykehus. Medisinsk Bibliotek;diakonsyk;Diakonhjemmet sykehus;1990;15359;Taylor & Francis;Taylor & Francis 2023-2024;2023-01-01;2024-12-31;2024-03-17
tnf;Dronning Mauds Minne Høgskole For Barnehagelærerutdanning;dmmh;Dronning Mauds Minne Høgskole for barnehagelærerutdanning;253;15360;Taylor & Francis;Taylor & Francis 2023-2024;2023-01-01;2024-12-31;2024-03-17
tnf;Forsvarets Høgskole;fhs;Forsvarets høgskole;1627;15420;Taylor & Francis;Taylor & Francis 2023-2024;2023-01-01;2024-12-31;2024-03-17
tnf;Forsvarets forskningsinstitutt;ffi;Forsvarets forskningsinstitutt;7428;15418;Taylor & Francis;Taylor & Francis 2023-2024;2023-01-01;2024-12-31;2024-03-17
tnf;Handelshøyskolen BI;bi;Handelshøyskolen BI;158;15353;Taylor & Francis;Taylor & Francis 2023-2024;2023-01-01;2024-12-31;2024-03-17
tnf;Høgskolen I Innlandet;inn;Høgskolen i Innlandet;209;15428;Taylor & Francis;Taylor & Francis 2023-2024;2023-01-01;2024-12-31;2024-03-17
tnf;Høgskolen i Molde - Vitenskapelig høgskole i logistikk;himolde;Høgskolen i Molde - Vitenskapelig høgskole i logistikk;211;15435;Taylor & Francis;Taylor & Francis 2023-2024;2023-01-01;2024-12-31;2024-03-17
tnf;Høgskolen i Østfold;hioef;Høgskolen i Østfold;224;15443;Taylor & Francis;Taylor & Francis 2023-2024;2023-01-01;2024-12-31;2024-03-17
tnf;Høgskulen På Vestlandet;hvl;Høgskulen på Vestlandet;203;15449;Taylor & Francis;Taylor & Francis 2023-2024;2023-01-01;2024-12-31;2024-03-17
tnf;Høgskulen i Volda;hvo;Høgskulen i Volda;223;15450;Taylor & Francis;Taylor & Francis 2023-2024;2023-01-01;2024-12-31;2024-03-17
tnf;Høyskolen Kristiania - Ernst G Mortensens Stiftelse;hk;Høyskolen Kristiania;1615;15444;Taylor & Francis;Taylor & Francis 2023-2024;2023-01-01;2024-12-31;2024-03-17
tnf;Institutt For Fredsforskning;prio;PRIO - Institutt for fredsforskning;7435;15516;Taylor & Francis;Taylor & Francis 2023-2024;2023-01-01;2024-12-31;2024-03-17
tnf;Institutt For Samfunnsforskning;isf;Institutt for samfunnsforskning;7437;15455;Taylor & Francis;Taylor & Francis 2023-2024;2023-01-01;2024-12-31;2024-03-17
tnf;Institutt for energiteknikk;ife;Institutt for energiteknikk;7492;15451;Taylor & Francis;Taylor & Francis 2023-2024;2023-01-01;2024-12-31;2024-03-17
tnf;MF Vitenskapelig Høyskole For Teologi, Religion Og Samfunn;mf;MF vitenskapelig høyskole for teologi, religion og samfunn;190;15469;Taylor & Francis;Taylor & Francis 2023-2024;2023-01-01;2024-12-31;2024-03-17
tnf;NIBIO;nibio;Norsk institutt for bioøkonomi;7677;15481;Taylor & Francis;Taylor & Francis 2023-2024;2023-01-01;2024-12-31;2024-03-17
tnf;NILU;nilu;NILU;7460;15488;Taylor & Francis;Taylor & Francis 2023-2024;2023-01-01;2024-12-31;2024-03-17
tnf;NKVTS-Nasjonalt kunnskapssenter om vold og traumatisk stress;nkvts;Nasjonalt kunnskapssenter om vold og traumatisk stress;6077;51035;Taylor & Francis;Taylor & Francis 2023-2024;2023-01-01;2024-12-31;2024-03-17
tnf;NLA Høgskolen;nla;NLA Høgskolen;254;15492;Taylor & Francis;Taylor & Francis 2023-2024;2023-01-01;2024-12-31;2024-03-17
tnf;NORCE Norwegian Research Centre AS;norce;NORCE Norwegian Research Centre AS;2057;50928;Taylor & Francis;Taylor & Francis 2023-2024;2023-01-01;2024-12-31;2024-03-17
tnf;NTNU Samfunnsforskning AS;ntnusam;NTNU Samfunnsforskning AS;7403;51037;Taylor & Francis;Taylor & Francis 2023-2024;2023-01-01;2024-12-31;2024-03-17
tnf;NUBU - Nasjonalt utviklingssenter for barn og unge;nubu;NA;NA;51031;Taylor & Francis;Taylor & Francis 2023-2024;2023-01-01;2024-12-31;2024-03-17
tnf;Nofima;nofima;NOFIMA;7543;15496;Taylor & Francis;Taylor & Francis 2023-2024;2023-01-01;2024-12-31;2024-03-17
tnf;Nord Universitet;nord;Nord universitet;204;15499;Taylor & Francis;Taylor & Francis 2023-2024;2023-01-01;2024-12-31;2024-03-17
tnf;Nordlandsforskning;nf;Nordlandsforskning;7446;15474;Taylor & Francis;Taylor & Francis 2023-2024;2023-01-01;2024-12-31;2024-03-17
tnf;Norges Geotekniske Institutt;ngi;Norges Geotekniske Institutt;7452;15477;Taylor & Francis;Taylor & Francis 2023-2024;2023-01-01;2024-12-31;2024-03-17
tnf;Norges Handelshøyskole;nhh;Norges Handelshøyskole;191;15480;Taylor & Francis;Taylor & Francis 2023-2024;2023-01-01;2024-12-31;2024-03-17
tnf;Norges Idrettshøgskole - Biblioteket;nih;Norges idrettshøgskole;150;15485;Taylor & Francis;Taylor & Francis 2023-2024;2023-01-01;2024-12-31;2024-03-17
tnf;Norges miljø- og biovitenskapelige universitet;nmbu;Norges miljø- og biovitenskapelige universitet;192;15493;Taylor & Francis;Taylor & Francis 2023-2024;2023-01-01;2024-12-31;2024-03-17
tnf;Norges musikkhøgskole;nmh;Norges musikkhøgskole;178;15494;Taylor & Francis;Taylor & Francis 2023-2024;2023-01-01;2024-12-31;2024-03-17
tnf;Norges teknisk-naturvitenskapelige universitet;ntnu;Norges teknisk-naturvitenskapelige universitet;194;15507;Taylor & Francis;Taylor & Francis 2023-2024;2023-01-01;2024-12-31;2024-03-17
tnf;Norges teknisk-naturvitenskapelige universitet;ntnu_1920;St. Olavs Hospital HF;1920;15507;Taylor & Francis;Taylor & Francis 2023-2024;2023-01-01;2024-12-31;2024-03-17
tnf;Norsk Utenrikspolitisk Institutt;nupi;Norsk Utenrikspolitisk Institutt;7471;15508;Taylor & Francis;Taylor & Francis 2023-2024;2023-01-01;2024-12-31;2024-03-17
tnf;Norsk institutt for kulturminneforskning;niku;Norsk institutt for kulturminneforskning;7530;15486;Taylor & Francis;Taylor & Francis 2023-2024;2023-01-01;2024-12-31;2024-03-17
tnf;Norsk institutt for naturforskning;nina;Norsk institutt for naturforskning;7511;15489;Taylor & Francis;Taylor & Francis 2023-2024;2023-01-01;2024-12-31;2024-03-17
tnf;Oslo Nye Høyskole;onh;Oslo Nye Høyskole;1620;51024;Taylor & Francis;Taylor & Francis 2023-2024;2023-01-01;2024-12-31;2024-03-17
tnf;OsloMet - Storbyuniversitetet;oslomet;OsloMet - storbyuniversitetet;215;15439;Taylor & Francis;Taylor & Francis 2023-2024;2023-01-01;2024-12-31;2024-03-17
tnf;Regionsenter for barn og unges psykiske helse, helseregion Øst og Sør;rbupos;RBUP Øst og Sør;7539;15519;Taylor & Francis;Taylor & Francis 2023-2024;2023-01-01;2024-12-31;2024-03-17
tnf;Ruralis - Institutt for rural- og regionalforskning;rura;RURALIS – Institutt for rural- og regionalforskning;7501;51034;Taylor & Francis;Taylor & Francis 2023-2024;2023-01-01;2024-12-31;2024-03-17
tnf;SINTEF AS;sintef;SINTEF AS;7401;15526;Taylor & Francis;Taylor & Francis 2023-2024;2023-01-01;2024-12-31;2024-03-17
tnf;SINTEF AS;sintef_6228;SINTEF Narvik;6228;15526;Taylor & Francis;Taylor & Francis 2023-2024;2023-01-01;2024-12-31;2024-03-17
tnf;SINTEF AS;sintef_7548;SINTEF Energi AS;7548;15526;Taylor & Francis;Taylor & Francis 2023-2024;2023-01-01;2024-12-31;2024-03-17
tnf;SINTEF AS;sintef_7566;SINTEF Ocean;7566;15526;Taylor & Francis;Taylor & Francis 2023-2024;2023-01-01;2024-12-31;2024-03-17
tnf;SINTEF AS;sintef_7630;SINTEF Manufacturing;7630;15526;Taylor & Francis;Taylor & Francis 2023-2024;2023-01-01;2024-12-31;2024-03-17
tnf;Statistisk Sentralbyrå;ssb;Statistisk sentralbyrå;5932;15535;Taylor & Francis;Taylor & Francis 2023-2024;2023-01-01;2024-12-31;2024-03-17
tnf;Statped;statped;NA;NA;15539;Taylor & Francis;Taylor & Francis 2023-2024;2023-01-01;2024-12-31;2024-03-17
tnf;Sykehuset Østfold;ostfsyk;Sykehuset Østfold HF;1983;15510;Taylor & Francis;Taylor & Francis 2023-2024;2023-01-01;2024-12-31;2024-03-17
tnf;Transportøkonomisk institutt;toei;Transportøkonomisk institutt;7482;15544;Taylor & Francis;Taylor & Francis 2023-2024;2023-01-01;2024-12-31;2024-03-17
tnf;UiO : Universitetsbiblioteket;uio;Universitetet i Oslo;185;15550;Taylor & Francis;Taylor & Francis 2023-2024;2023-01-01;2024-12-31;2024-03-17
tnf;UiO : Universitetsbiblioteket;uio_1972;Akershus universitetssykehus HF;1972;15550;Taylor & Francis;Taylor & Francis 2023-2024;2023-01-01;2024-12-31;2024-03-17
tnf;UiO : Universitetsbiblioteket;uio_2012;Oslo universitetssykehus HF;2012;15550;Taylor & Francis;Taylor & Francis 2023-2024;2023-01-01;2024-12-31;2024-03-17
tnf;UiO : Universitetsbiblioteket;uio_7502;Folkehelseinstituttet;7502;15550;Taylor & Francis;Taylor & Francis 2023-2024;2023-01-01;2024-12-31;2024-03-17
tnf;UiT - Norges arktiske universitet;uit;UiT Norges arktiske universitet;186;15552;Taylor & Francis;Taylor & Francis 2023-2024;2023-01-01;2024-12-31;2024-03-17
tnf;UiT - Norges arktiske universitet;uit_1902;Universitetssykehuset Nord-Norge HF;1902;15552;Taylor & Francis;Taylor & Francis 2023-2024;2023-01-01;2024-12-31;2024-03-17
tnf;Universitetet I Stavanger;uis;Universitetet i Stavanger;217;15551;Taylor & Francis;Taylor & Francis 2023-2024;2023-01-01;2024-12-31;2024-03-17
tnf;Universitetet I Stavanger;uis_1938;Helse Stavanger HF - Stavanger universitetssjukehus;1938;15551;Taylor & Francis;Taylor & Francis 2023-2024;2023-01-01;2024-12-31;2024-03-17
tnf;Universitetet I Sørøst-Norge;usn;Universitetet i Sørøst-Norge;222;15447;Taylor & Francis;Taylor & Francis 2023-2024;2023-01-01;2024-12-31;2024-03-17
tnf;Universitetet i Agder;uia;Universitetet i Agder;201;15548;Taylor & Francis;Taylor & Francis 2023-2024;2023-01-01;2024-12-31;2024-03-17
tnf;Universitetet i Bergen;uib;Universitetet i Bergen;184;15549;Taylor & Francis;Taylor & Francis 2023-2024;2023-01-01;2024-12-31;2024-03-17
tnf;Universitetet i Bergen;uib_1936;Helse Bergen HF - Haukeland universitetssykehus;1936;15549;Taylor & Francis;Taylor & Francis 2023-2024;2023-01-01;2024-12-31;2024-03-17
tnf;Universitetssenteret på Svalbard;unis;Universitetssenteret på Svalbard;195;15553;Taylor & Francis;Taylor & Francis 2023-2024;2023-01-01;2024-12-31;2024-03-17
tnf;VID Vitenskapelige Høgskole;vid;VID vitenskapelige høgskole;251;15557;Taylor & Francis;Taylor & Francis 2023-2024;2023-01-01;2024-12-31;2024-03-17
tnf;Vestlandsforsking;vf;Vestlandsforsking;7484;24138;Taylor & Francis;Taylor & Francis 2023-2024;2023-01-01;2024-12-31;2024-03-17
tnf_open;Akershus Universitetssykehus;ahus;Akershus universitetssykehus HF;1972;15346;Taylor & Francis Open;Taylor & Francis 2023-2024;2023-01-01;2024-12-31;2024-03-17
tnf_open;Dronning Mauds Minne Høgskole For Barnehagelærerutdanning;dmmh;Dronning Mauds Minne Høgskole for barnehagelærerutdanning;253;15360;Taylor & Francis Open;Taylor & Francis 2023-2024;2023-01-01;2024-12-31;2024-03-17
tnf_open;Folkehelseinstituttet;fhi;Folkehelseinstituttet;7502;15419;Taylor & Francis Open;Taylor & Francis 2023-2024;2023-01-01;2024-12-31;2024-03-17
tnf_open;Høgskolen I Innlandet;inn;Høgskolen i Innlandet;209;15428;Taylor & Francis Open;Taylor & Francis 2023-2024;2023-01-01;2024-12-31;2024-03-17
tnf_open;Høgskolen i Molde - Vitenskapelig høgskole i logistikk;himolde;Høgskolen i Molde - Vitenskapelig høgskole i logistikk;211;15435;Taylor & Francis Open;Taylor & Francis 2023-2024;2023-01-01;2024-12-31;2024-03-17
tnf_open;Høgskolen i Østfold;hioef;Høgskolen i Østfold;224;15443;Taylor & Francis Open;Taylor & Francis 2023-2024;2023-01-01;2024-12-31;2024-03-17
tnf_open;Høgskulen På Vestlandet;hvl;Høgskulen på Vestlandet;203;15449;Taylor & Francis Open;Taylor & Francis 2023-2024;2023-01-01;2024-12-31;2024-03-17
tnf_open;Høgskulen i Volda;hvo;Høgskulen i Volda;223;15450;Taylor & Francis Open;Taylor & Francis 2023-2024;2023-01-01;2024-12-31;2024-03-17
tnf_open;Høyskolen Kristiania - Ernst G Mortensens Stiftelse;hk;Høyskolen Kristiania;1615;15444;Taylor & Francis Open;Taylor & Francis 2023-2024;2023-01-01;2024-12-31;2024-03-17
tnf_open;Institutt For Fredsforskning;prio;PRIO - Institutt for fredsforskning;7435;15516;Taylor & Francis Open;Taylor & Francis 2023-2024;2023-01-01;2024-12-31;2024-03-17
tnf_open;NIBIO;nibio;Norsk institutt for bioøkonomi;7677;15481;Taylor & Francis Open;Taylor & Francis 2023-2024;2023-01-01;2024-12-31;2024-03-17
tnf_open;NORCE Norwegian Research Centre AS;norce;NORCE Norwegian Research Centre AS;2057;50928;Taylor & Francis Open;Taylor & Francis 2023-2024;2023-01-01;2024-12-31;2024-03-17
tnf_open;Nofima;nofima;NOFIMA;7543;15496;Taylor & Francis Open;Taylor & Francis 2023-2024;2023-01-01;2024-12-31;2024-03-17
tnf_open;Norges Idrettshøgskole - Biblioteket;nih;Norges idrettshøgskole;150;15485;Taylor & Francis Open;Taylor & Francis 2023-2024;2023-01-01;2024-12-31;2024-03-17
tnf_open;Norges teknisk-naturvitenskapelige universitet;ntnu;Norges teknisk-naturvitenskapelige universitet;194;15507;Taylor & Francis Open;Taylor & Francis 2023-2024;2023-01-01;2024-12-31;2024-03-17
tnf_open;Norsk Utenrikspolitisk Institutt;nupi;Norsk Utenrikspolitisk Institutt;7471;15508;Taylor & Francis Open;Taylor & Francis 2023-2024;2023-01-01;2024-12-31;2024-03-17
tnf_open;Norsk institutt for naturforskning;nina;Norsk institutt for naturforskning;7511;15489;Taylor & Francis Open;Taylor & Francis 2023-2024;2023-01-01;2024-12-31;2024-03-17
tnf_open;Oslo Nye Høyskole;onh;Oslo Nye Høyskole;1620;51024;Taylor & Francis Open;Taylor & Francis 2023-2024;2023-01-01;2024-12-31;2024-03-17
tnf_open;Transportøkonomisk institutt;toei;Transportøkonomisk institutt;7482;15544;Taylor & Francis Open;Taylor & Francis 2023-2024;2023-01-01;2024-12-31;2024-03-17
tnf_open;UiO : Universitetsbiblioteket;uio;Universitetet i Oslo;185;15550;Taylor & Francis Open;Taylor & Francis 2023-2024;2023-01-01;2024-12-31;2024-03-17
tnf_open;UiO : Universitetsbiblioteket;uio_2012;Oslo universitetssykehus HF;2012;15550;Taylor & Francis Open;Taylor & Francis 2023-2024;2023-01-01;2024-12-31;2024-03-17
tnf_open;UiT - Norges arktiske universitet;uit;UiT Norges arktiske universitet;186;15552;Taylor & Francis Open;Taylor & Francis 2023-2024;2023-01-01;2024-12-31;2024-03-17
tnf_open;Universitetet I Stavanger;uis;Universitetet i Stavanger;217;15551;Taylor & Francis Open;Taylor & Francis 2023-2024;2023-01-01;2024-12-31;2024-03-17
tnf_open;Universitetet I Sørøst-Norge;usn;Universitetet i Sørøst-Norge;222;15447;Taylor & Francis Open;Taylor & Francis 2023-2024;2023-01-01;2024-12-31;2024-03-17
tnf_open;Universitetet i Agder;uia;Universitetet i Agder;201;15548;Taylor & Francis Open;Taylor & Francis 2023-2024;2023-01-01;2024-12-31;2024-03-17
tnf_open;Universitetet i Bergen;uib;Universitetet i Bergen;184;15549;Taylor & Francis Open;Taylor & Francis 2023-2024;2023-01-01;2024-12-31;2024-03-17
tnf_open;Universitetssenteret på Svalbard;unis;Universitetssenteret på Svalbard;195;15553;Taylor & Francis Open;Taylor & Francis 2023-2024;2023-01-01;2024-12-31;2024-03-17
tnf_open;Vestlandsforsking;vf;Vestlandsforsking;7484;24138;Taylor & Francis Open;Taylor & Francis 2023-2024;2023-01-01;2024-12-31;2024-03-17
